{
  "wildtype": {
    "Exons": 1,
    "CDS_genome": 1,
    "Coding exons": 1
  },
  "patient": {
    "Exons": 0.4908011869436202,
    "CDS_genome": 0.3020921089581578,
    "Coding exons": 0.34851936218678814
  },
  "Skip exon 7": {
    "Exons": 0.8219584569732937,
    "CDS_genome": 0.9161050266778995,
    "Coding exons": 0.7722095671981777
  },
  "Skip exon 10": {
    "Exons": 0.8041543026706232,
    "CDS_genome": 0.7207245155855097,
    "Coding exons": 0.7494305239179955
  },
  "Skip exon 6": {
    "Exons": 0.7721068249258161,
    "CDS_genome": 0.8423897781522044,
    "Coding exons": 0.7084282460136674
  },
  "Skip exon 3": {
    "Exons": 0.24688427299703264,
    "CDS_genome": 0.014111204717775905,
    "Coding exons": 0.03644646924829157
  },
  "Skip exon 4": {
    "Exons": 0.29376854599406527,
    "CDS_genome": 0.16666666666666666,
    "Coding exons": 0.09643128321943811
  },
  "Skip exon 5": {
    "Exons": 0.35014836795252224,
    "CDS_genome": 0.17340634653187306,
    "Coding exons": 0.16856492027334852
  },
  "Skip exon 8": {
    "Exons": 0.4908011869436202,
    "CDS_genome": 0.3020921089581578,
    "Coding exons": 0.34851936218678814
  },
  "Skip exon 9": {
    "Exons": 0.4908011869436202,
    "CDS_genome": 0.3020921089581578,
    "Coding exons": 0.34851936218678814
  },
  "Skip exon 11": {
    "Exons": 0.4943620178041543,
    "CDS_genome": 0.3025133389497332,
    "Coding exons": 0.3530751708428246
  },
  "Skip exon 12": {
    "Exons": 0.4908011869436202,
    "CDS_genome": 0.3020921089581578,
    "Coding exons": 0.34851936218678814
  },
  "Skip exon 13": {
    "Exons": 0.4943620178041543,
    "CDS_genome": 0.3025133389497332,
    "Coding exons": 0.3530751708428246
  },
  "Skip exon 14": {
    "Exons": 0.4908011869436202,
    "CDS_genome": 0.3020921089581578,
    "Coding exons": 0.34851936218678814
  },
  "Skip exon 15": {
    "Exons": 0.4908011869436202,
    "CDS_genome": 0.3020921089581578,
    "Coding exons": 0.34851936218678814
  }
}
