{
 "wildtype": {
  "ENST00000375549.8": 1.0,
  "cds": 1.0,
  "coding": 1.0
 },
 "ENST00000375549.8:c.53_169del": {
  "ENST00000375549.8": 0.912621359223301,
  "cds": 0.8747364504526851,
  "coding": 0.75625
 },
 "patient": {
  "ENST00000375549.8": 0.7176997759522031,
  "cds": 0.12389929306709661,
  "coding": 0.2125
 },
 "ENST00000375549.8:c.170_314del": {
  "ENST00000375549.8": 0.7176997759522031,
  "cds": 0.12389929306709661,
  "coding": 0.2125
 }
}
